FirstName,Phone,Notes
Caesar,699.743.4319,"Esse crebro repellat."
Mariela,315.537.1724,"Accedo nam turpis constans voluptates temptatio apud adflicto."
Mariah,560-973-1944,"Nisi desidero confugo delectus thema correptius amplitudo commemoro decumbo."
Danyka,780-711-9351,"Accusantium tamquam traho."
Alessia,1-376-560-9784 x4660,"Debilito acquiro combibo cras amor ipsa altus convoco."
Monte,1-417-980-4760,"Caute statim suffragium torqueo atqui sopor expedita sperno."
Edyth,375-405-4226,"Derideo expedita fugiat desparatus bonus chirographum."
Nathen,1-818-518-6226 x824,"Crudelis consequuntur quaerat comitatus."
Adrain,(740) 365-0254,"Ubi vitium atrocitas super votum valens."
Dalton,(212) 396-3751,"Sophismata vespillo bos infit despecto eligendi sponte."
Elwin,(327) 969-1505 x79095,"Vir appositus adinventitias quam dolor desino."
Rasheed,(707) 567-0928 x7538,"Compono aeger vindico arbitro cur."
Devan,1-472-239-9606 x92651,"Super varietas carpo consequatur."
Jeffrey,1-285-509-8786 x57927,"Texo thymbra derideo laudantium."
Hobart,540-895-3240,"Vigilo comes urbs sol officia tenus."
Tracy,1-327-962-7024,"Ara desidero quasi asper nostrum tepidus."
Kyra,790.251.2051 x80912,"Celo laboriosam bardus tredecim basium adhaero curso trado corrupti aureus."
Stephania,554-293-7308 x698,"Sponte defleo sustineo tandem vae conforto veritatis."
Curtis,(391) 760-4591 x406,"Antea ager ulciscor ulciscor subnecto voluptas claustrum temptatio."
Tommie,(884) 817-7449 x09632,"Aureus theatrum cupiditas cilicium caput ulterius verecundia distinctio vomer."
Theresia,530.430.6665 x470,"Soluta bellum vesper suppellex degero speculum tibi arbitro audentia."
Gaetano,1-795-585-3231,"Numquam mollitia atrocitas."
Rossie,766-810-4273 x5449,"Validus anser titulus."
Helga,(589) 435-1759,"Contigo praesentium dicta atrocitas ventito tempus."
Dewitt,1-372-415-1360 x3739,"Ambitus facilis triumphus voluptas tactus capitulus agnitio."